City_ID,City,Country,Date,Lat,Lng,Max Temp,Humidity,Cloudiness,Wind Speed
0,Tokur,RU,2021-11-21 22:01:03,53.1333,132.9,-3.55,93,100,4.0
1,Torbay,CA,2021-11-21 22:01:03,47.6666,-52.7314,30.76,79,13,4.0
2,Hermanus,ZA,2021-11-21 21:59:05,-34.4187,19.2345,68.9,86,100,17.2
3,Estacion Coahuila,MX,2021-11-21 22:01:03,32.1939,-115.0017,80.96,14,100,17.76
4,Portland,US,2021-11-21 21:58:24,45.5234,-122.6762,55.47,81,75,3.0
5,Qaanaaq,GL,2021-11-21 21:59:09,77.484,-69.3632,-8.21,72,40,6.38
6,Thompson,CA,2021-11-21 21:59:12,55.7435,-97.8558,6.96,61,20,17.27
7,Samarai,PG,2021-11-21 22:01:04,-10.6167,150.6667,83.07,77,45,13.58
8,Zwedru,LR,2021-11-21 22:01:04,6.0667,-8.1281,74.86,91,67,3.67
9,Ushuaia,AR,2021-11-21 21:59:03,-54.8,-68.3,38.86,70,40,23.02
10,Macaubas,BR,2021-11-21 22:01:05,-13.0194,-42.6986,69.85,92,100,6.4
11,Kungurtug,RU,2021-11-21 22:01:05,50.5994,97.5228,-2.74,90,39,1.81
12,Honiara,SB,2021-11-21 22:01:05,-9.4333,159.95,84.69,66,2,3.71
13,Punta Arenas,CL,2021-11-21 21:59:09,-53.15,-70.9167,44.71,53,75,24.16
14,Scottsbluff,US,2021-11-21 22:00:17,41.8666,-103.6672,50.81,41,36,1.99
15,Dikson,RU,2021-11-21 22:01:05,73.5069,80.5464,-10.19,77,4,9.1
16,Vaini,TO,2021-11-21 22:01:06,-21.2,-175.2,79.3,80,59,6.44
17,Fortuna,US,2021-11-21 22:01:06,40.5982,-124.1573,66.92,55,1,1.99
18,Bandundu,CD,2021-11-21 22:01:06,-3.3167,17.3667,70.48,98,82,2.64
19,Waddan,LY,2021-11-21 22:01:06,29.1614,16.139,61.84,58,39,7.83
20,Saldanha,ZA,2021-11-21 22:01:07,-33.0117,17.9442,63.72,83,0,17.85
21,Mareeba,AU,2021-11-21 22:01:07,-17.0,145.4333,79.32,78,8,2.01
22,Sorland,NO,2021-11-21 22:01:07,67.667,12.6934,26.67,66,100,10.36
23,Katsuura,JP,2021-11-21 21:57:31,35.1333,140.3,60.82,82,100,24.85
24,Touros,BR,2021-11-21 21:59:07,-5.1989,-35.4608,81.5,75,10,14.27
25,Jacareacanga,BR,2021-11-21 22:01:07,-6.2222,-57.7528,76.21,95,96,1.05
26,Mae Hong Son,TH,2021-11-21 22:01:08,19.3003,97.9685,64.17,91,13,1.54
27,Stephenville,US,2021-11-21 22:01:08,32.2207,-98.2023,62.94,51,40,17.27
28,Albany,US,2021-11-21 21:58:16,42.6001,-73.9662,47.44,60,100,5.61
29,Port Alfred,ZA,2021-11-21 22:01:08,-33.5906,26.891,69.55,87,99,25.41
30,Tuktoyaktuk,CA,2021-11-21 21:59:03,69.4541,-133.0374,-18.4,76,20,6.91
31,Mabaruma,GY,2021-11-21 22:01:09,8.2,-59.7833,75.65,90,100,2.86
32,Puerto Ayora,EC,2021-11-21 21:59:02,-0.7393,-90.3518,76.96,82,64,8.99
33,Barrow,US,2021-11-21 21:59:01,71.2906,-156.7887,-5.78,77,40,11.5
34,Yerbogachen,RU,2021-11-21 22:01:09,61.2767,108.0108,-15.12,100,86,4.25
35,Esperance,AU,2021-11-21 22:00:16,-33.8667,121.9,67.3,80,93,11.81
36,Fort Nelson,CA,2021-11-21 22:01:09,58.8053,-122.7002,-0.81,85,90,3.44
37,Rikitea,PF,2021-11-21 21:59:05,-23.1203,-134.9692,73.71,65,0,6.13
38,Brigg,GB,2021-11-21 22:01:10,53.552,-0.4921,41.25,90,75,6.91
39,Butaritari,KI,2021-11-21 21:59:06,3.0707,172.7902,80.98,79,33,7.96
40,Khatanga,RU,2021-11-21 21:59:03,71.9667,102.5,-34.73,96,12,5.03
41,Mehamn,NO,2021-11-21 22:01:10,71.0357,27.8492,23.34,79,100,7.65
42,Mahebourg,MU,2021-11-21 22:01:05,-20.4081,57.7,72.25,94,40,3.44
43,Leningradskiy,RU,2021-11-21 22:01:10,69.3833,178.4167,-14.78,99,32,3.67
44,Port Blair,IN,2021-11-21 21:58:35,11.6667,92.75,81.05,83,19,7.99
45,Broken Hill,AU,2021-11-21 22:01:10,-31.95,141.4333,64.22,61,43,18.9
46,Pokhara,NP,2021-11-21 22:02:11,28.2333,83.9833,58.1,59,12,4.85
47,Yellowknife,CA,2021-11-21 21:59:04,62.456,-114.3525,4.41,84,75,11.5
48,Lavrentiya,RU,2021-11-21 21:58:33,65.5833,-171.0,0.09,89,6,8.95
49,Panama City,PA,2021-11-21 22:02:11,8.9936,-79.5197,78.75,84,40,5.75
50,Sangar,RU,2021-11-21 22:02:11,63.9242,127.4739,-31.63,98,24,2.24
51,Bereda,ES,2021-11-21 22:02:12,43.2686,-7.5406,47.95,100,52,3.09
52,Castro,BR,2021-11-21 21:56:50,-24.7911,-50.0119,65.03,58,6,3.76
53,Allapalli,IN,2021-11-21 22:02:12,19.4167,80.0667,72.59,97,35,1.36
54,Pisco,PE,2021-11-21 21:57:24,-13.7,-76.2167,69.85,73,0,16.11
55,Lompoc,US,2021-11-21 21:58:46,34.6391,-120.4579,84.34,46,0,5.01
56,Coquimbo,CL,2021-11-21 21:59:10,-29.9533,-71.3436,58.73,82,40,10.36
57,Kapaa,US,2021-11-21 21:59:07,22.0752,-159.319,82.18,69,9,1.01
58,Marsh Harbour,BS,2021-11-21 22:02:12,26.5412,-77.0636,77.07,80,36,15.46
59,Saint-Pierre,RE,2021-11-21 22:00:03,-21.3393,55.4781,73.08,72,0,6.91
60,Cidreira,BR,2021-11-21 21:57:28,-30.1811,-50.2056,69.69,75,0,11.88
61,Atuona,PF,2021-11-21 21:55:58,-9.8,-139.0333,78.66,73,86,11.48
62,Chara,RU,2021-11-21 22:02:13,56.9064,118.2631,-4.7,90,100,0.67
63,Winnemucca,US,2021-11-21 22:02:13,40.973,-117.7357,51.85,30,1,5.75
64,Mount Isa,AU,2021-11-21 22:02:13,-20.7333,139.5,82.17,30,7,10.36
65,Cape Town,ZA,2021-11-21 21:58:24,-33.9258,18.4232,66.61,81,0,20.71
66,Geraldton,AU,2021-11-21 22:00:41,-28.7667,114.6,65.12,63,13,11.5
67,Renfrew,GB,2021-11-21 22:01:33,55.872,-4.3925,41.14,89,24,3.44
68,Mataura,NZ,2021-11-21 21:59:07,-46.1927,168.8643,50.11,98,100,0.51
69,Popondetta,PG,2021-11-21 22:02:14,-8.7537,148.2534,82.9,73,91,0.43
70,Hilo,US,2021-11-21 22:00:06,19.7297,-155.09,79.25,74,100,3.0
71,Maragogi,BR,2021-11-21 22:02:14,-9.0122,-35.2225,79.2,76,2,11.54
72,Evensk,RU,2021-11-21 22:02:14,61.95,159.2333,6.1,74,0,13.98
73,Mahanoro,MG,2021-11-21 22:02:14,-19.9,48.8,72.63,90,18,4.38
74,Carnarvon,AU,2021-11-21 21:59:10,-24.8667,113.6333,62.67,72,75,8.05
75,Upernavik,GL,2021-11-21 22:02:15,72.7868,-56.1549,5.38,82,50,7.67
76,Luena,AO,2021-11-21 22:02:15,-11.7833,19.9167,61.99,95,65,3.56
77,Axim,GH,2021-11-21 22:02:15,4.8699,-2.2405,79.57,85,53,5.73
78,Hithadhoo,MV,2021-11-21 22:02:16,-0.6,73.0833,81.18,78,100,10.0
79,Huarmey,PE,2021-11-21 22:02:16,-10.0681,-78.1522,67.95,79,98,8.9
80,Srednekolymsk,RU,2021-11-21 22:02:16,67.45,153.6833,-22.85,100,100,0.56
81,Melgar,CO,2021-11-21 22:02:16,4.2048,-74.6407,81.32,79,76,0.49
82,Ust-Ilimsk,RU,2021-11-21 22:02:17,58.0006,102.6619,8.69,96,100,3.49
83,Kanbe,MM,2021-11-21 22:02:17,16.7053,96.0017,77.05,88,51,4.21
84,Presidencia Roque Saenz Pena,AR,2021-11-21 22:02:17,-26.7852,-60.4388,81.03,45,24,6.44
85,Georgetown,MY,2021-11-21 22:01:25,5.4112,100.3354,78.89,93,20,0.0
86,Bluff,NZ,2021-11-21 22:00:12,-46.6,168.3333,52.16,79,100,8.86
87,Namibe,AO,2021-11-21 22:02:18,-15.1961,12.1522,67.03,81,16,4.0
88,Souillac,MU,2021-11-21 21:59:09,-20.5167,57.5167,73.78,88,40,3.44
89,Avarua,CK,2021-11-21 21:57:25,-21.2078,-159.775,80.65,74,75,8.05
90,Hobart,AU,2021-11-21 22:02:18,-42.8794,147.3294,62.11,74,40,4.61
91,Segou,ML,2021-11-21 22:02:18,13.4317,-6.2157,82.33,15,7,7.76
92,Pringsewu,ID,2021-11-21 22:02:19,-5.3582,104.9744,73.8,95,100,2.44
93,Antofagasta,CL,2021-11-21 22:03:19,-23.65,-70.4,61.88,68,54,7.25
94,Chicama,PE,2021-11-21 22:03:19,-7.8447,-79.1469,64.94,71,99,7.96
95,Manzil Salim,TN,2021-11-21 22:03:20,35.8567,8.4765,53.26,68,6,6.67
96,Shimoda,JP,2021-11-21 22:03:20,34.6667,138.95,57.11,86,99,9.26
97,Nome,US,2021-11-21 22:01:48,64.5011,-165.4064,-8.84,82,24,5.68
98,Roebourne,AU,2021-11-21 22:03:20,-20.7833,117.1333,75.63,66,100,7.25
99,Buraydah,SA,2021-11-21 22:03:21,26.326,43.975,66.97,49,49,8.63
100,Ponta Do Sol,PT,2021-11-21 21:59:04,32.6667,-17.1,68.0,86,60,5.14
101,Sokoni,TZ,2021-11-21 22:03:21,-6.4333,39.55,80.35,70,2,11.41
102,Simga,IN,2021-11-21 22:03:21,21.6333,81.7,72.5,57,7,5.97
103,Canto Do Buriti,BR,2021-11-21 22:03:21,-8.11,-42.9444,85.82,36,49,2.91
104,Burnie,AU,2021-11-21 22:03:22,-41.0667,145.9167,63.95,54,97,2.57
105,Nikolskoye,RU,2021-11-21 21:59:06,59.7035,30.7861,30.09,69,20,10.36
106,Kupang,ID,2021-11-21 21:58:35,-10.1667,123.5833,77.58,100,20,2.3
107,New Amsterdam,GY,2021-11-21 22:03:22,6.25,-57.5167,75.99,90,94,3.56
108,Kashan,IR,2021-11-21 22:03:22,33.9831,51.4364,53.51,60,97,3.22
109,Zyryanka,RU,2021-11-21 22:03:23,65.75,150.85,-11.18,99,100,4.45
110,Bandarbeyla,SO,2021-11-21 22:03:23,9.4942,50.8122,76.35,71,21,13.38
111,Havoysund,NO,2021-11-21 22:03:23,70.9963,24.6622,25.68,53,100,15.19
112,Bonavista,CA,2021-11-21 22:03:23,48.6499,-53.1147,31.12,58,21,6.71
113,Hami,CN,2021-11-21 22:03:24,42.8,93.45,25.02,49,0,1.07
114,Tasiilaq,GL,2021-11-21 22:00:13,65.6145,-37.6368,28.17,97,100,10.87
115,Lengshuijiang,CN,2021-11-21 22:03:24,27.6881,111.4294,46.17,85,97,3.09
116,Bemidji,US,2021-11-21 22:03:24,47.4736,-94.8803,19.9,73,1,14.97
117,Boa Vista,BR,2021-11-21 22:01:25,2.8197,-60.6733,77.59,79,100,3.44
118,Arraial Do Cabo,BR,2021-11-21 22:03:24,-22.9661,-42.0278,69.58,65,16,7.83
119,Codrington,AU,2021-11-21 22:03:25,-38.2667,141.9667,56.61,77,16,7.81
120,Dalvik,IS,2021-11-21 22:03:25,65.9702,-18.5286,40.19,77,43,13.31
121,Saskylakh,RU,2021-11-21 22:00:21,71.9167,114.0833,-24.61,95,16,8.5
122,Adrar,MR,2021-11-21 22:03:25,20.5022,-10.0711,79.88,25,96,3.44
123,Candolim,IN,2021-11-21 22:00:05,15.5181,73.7626,77.61,87,26,5.17
124,Kirakira,SB,2021-11-21 22:03:25,-10.4544,161.9205,84.47,70,21,7.14
125,Hutang,CN,2021-11-21 22:03:26,31.5333,119.4833,44.98,48,100,12.35
126,Tezu,IN,2021-11-21 22:03:26,27.9167,96.1667,64.96,73,98,2.48
127,Mount Gambier,AU,2021-11-21 22:03:26,-37.8333,140.7667,55.08,72,56,7.65
128,Houma,US,2021-11-21 21:59:55,29.5958,-90.7195,79.0,78,40,5.75
129,New Norfolk,AU,2021-11-21 22:00:15,-42.7826,147.0587,61.75,59,76,1.99
130,Hohhot,CN,2021-11-21 22:03:27,40.8106,111.6522,10.6,39,0,4.45
131,Taltal,CL,2021-11-21 22:00:21,-25.4,-70.4833,66.11,67,96,4.88
132,Bubaque,GW,2021-11-21 22:03:27,11.2833,-15.8333,83.34,75,49,10.42
133,Maridi,SS,2021-11-21 22:03:27,4.9158,29.4742,70.74,47,50,1.5
134,Dunedin,NZ,2021-11-21 22:03:27,-45.8742,170.5036,51.78,87,100,4.43
135,Chernyshevskiy,RU,2021-11-21 22:03:28,63.0128,112.4714,-22.72,100,97,0.87
136,Takoradi,GH,2021-11-21 22:03:28,4.8845,-1.7554,80.15,83,46,6.2
137,Chuy,UY,2021-11-21 22:03:28,-33.6971,-53.4616,73.76,67,6,9.37
138,Beringovskiy,RU,2021-11-21 22:04:28,63.05,179.3167,1.65,99,100,12.24
139,Isangel,VU,2021-11-21 22:04:29,-19.55,169.2667,81.36,70,96,7.56
140,Tual,ID,2021-11-21 22:04:29,-5.6667,132.75,83.91,71,84,5.97
141,Krasnoselkup,RU,2021-11-21 21:59:43,65.7,82.4667,7.92,93,100,19.13
142,La Ronge,CA,2021-11-21 22:01:34,55.1001,-105.2842,8.82,78,90,3.44
143,Ormara,PK,2021-11-21 22:00:46,25.2088,64.6357,76.28,30,0,5.59
144,Bredasdorp,ZA,2021-11-21 22:04:30,-34.5322,20.0403,62.28,85,100,13.73
145,Staryy Nadym,RU,2021-11-21 22:04:30,65.6118,72.6842,18.1,95,100,17.31
146,Kourou,GF,2021-11-21 22:04:30,5.1552,-52.6478,81.1,84,37,6.24
147,Beja,TN,2021-11-21 22:04:30,36.7256,9.1817,55.31,76,74,3.0
148,Shakawe,BW,2021-11-21 22:04:31,-18.3667,21.85,76.23,53,78,9.86
149,Marawi,PH,2021-11-21 22:00:57,7.9986,124.2928,65.64,92,17,2.15
150,Zaykovo,RU,2021-11-21 22:04:31,57.5613,62.7568,27.46,94,100,7.83
151,Mar Del Plata,AR,2021-11-21 22:04:31,-38.0023,-57.5575,65.88,75,90,4.0
152,Havelock,US,2021-11-21 22:02:15,34.8791,-76.9013,66.97,74,89,4.16
153,Beinamar,TD,2021-11-21 22:04:32,8.6698,15.3813,78.87,30,78,1.41
154,Barra Do Garcas,BR,2021-11-21 22:04:32,-15.89,-52.2567,80.85,76,98,3.13
155,Talnakh,RU,2021-11-21 22:04:32,69.4865,88.3972,-19.89,81,13,9.13
156,Nalut,LY,2021-11-21 22:04:32,30.3333,10.85,63.39,50,34,7.0
157,Nawada,IN,2021-11-21 22:04:33,24.8833,85.5333,66.7,63,2,4.47
158,Avera,US,2021-11-21 22:04:33,33.194,-82.5271,68.72,66,74,3.74
159,Nanortalik,GL,2021-11-21 22:04:33,60.1432,-45.2371,32.34,93,100,4.0
160,Pacifica,US,2021-11-21 22:00:21,37.6138,-122.4869,71.22,48,1,5.01
161,Izhma,RU,2021-11-21 22:04:33,65.0083,53.9113,18.41,96,100,3.98
162,Saint-Joseph,RE,2021-11-21 22:00:08,-21.3667,55.6167,71.98,77,10,6.17
163,Bulawayo,ZW,2021-11-21 22:04:34,-20.15,28.5833,63.46,92,100,6.93
164,Alofi,NU,2021-11-21 22:04:34,-19.0595,-169.9187,78.62,78,26,11.56
165,Kodiak,US,2021-11-21 22:04:34,57.79,-152.4072,29.71,40,1,6.91
166,Provideniya,RU,2021-11-21 22:00:13,64.3833,-173.3,8.71,56,0,6.71
167,Abha,SA,2021-11-21 22:04:34,18.2164,42.5053,52.05,47,0,5.75
168,Puerto Quijarro,BO,2021-11-21 22:04:35,-17.7833,-57.7667,85.01,62,99,3.27
169,Santa Cruz,BO,2021-11-21 21:55:32,-17.8,-63.1667,93.25,38,20,3.44
170,The Pas,CA,2021-11-21 22:04:35,53.8251,-101.2541,10.42,72,90,12.66
171,Poum,NC,2021-11-21 21:59:06,-20.2333,164.0167,76.82,73,0,2.68
172,Busselton,AU,2021-11-21 22:00:12,-33.65,115.3333,60.08,86,98,16.4
173,Clyde River,CA,2021-11-21 22:04:35,70.4692,-68.5914,1.63,92,93,5.75
174,Calatayud,ES,2021-11-21 22:04:36,41.3535,-1.6432,57.78,73,99,3.04
175,San Jose,US,2021-11-21 22:02:03,37.3394,-121.895,74.1,45,1,4.61
176,Gonbad-E Qabus,IR,2021-11-21 22:02:41,37.25,55.1672,52.32,64,75,2.35
177,Mirnyy,RU,2021-11-21 22:04:36,62.5353,113.9611,-22.31,100,91,0.49
178,Pevek,RU,2021-11-21 22:00:14,69.7008,170.3133,-18.76,98,26,4.16
179,Dejen,ET,2021-11-21 22:04:36,10.1667,38.1333,53.42,38,100,3.4
180,Saint-Philippe,RE,2021-11-21 22:04:37,-21.3585,55.7679,72.99,76,4,6.73
181,Weiden,DE,2021-11-21 22:04:37,49.6775,12.1567,40.84,95,90,0.0
182,Calahorra,ES,2021-11-21 22:04:37,42.3051,-1.9652,49.91,78,100,9.17
183,Port Elizabeth,ZA,2021-11-21 22:01:26,-33.918,25.5701,69.1,90,99,14.85
184,Te Anau,NZ,2021-11-21 22:02:44,-45.4167,167.7167,50.77,96,100,1.68
185,Malanje,AO,2021-11-21 22:05:37,-9.5402,16.341,63.46,98,81,3.71
186,Abu Zabad,SD,2021-11-21 22:05:38,12.35,29.25,70.34,21,61,12.8
187,Manado,ID,2021-11-21 22:05:38,1.487,124.8455,75.97,94,40,1.14
188,Chegutu,ZW,2021-11-21 22:05:38,-18.1302,30.1407,69.55,68,98,3.6
189,Conceicao Do Araguaia,BR,2021-11-21 22:01:07,-8.2578,-49.2647,80.46,71,98,3.76
190,Pimentel,PE,2021-11-21 22:05:38,-6.8367,-79.9342,70.09,64,0,14.97
191,Beloha,MG,2021-11-21 22:05:39,-25.1667,45.05,67.28,68,41,11.05
192,Faanui,PF,2021-11-21 22:05:39,-16.4833,-151.75,79.75,67,12,8.39
193,Xichang,CN,2021-11-21 22:05:39,27.8964,102.2634,39.74,93,100,5.1
194,Jalu,LY,2021-11-21 21:59:11,29.0331,21.5482,62.47,57,1,4.47
195,Qaqortoq,GL,2021-11-21 22:05:39,60.7167,-46.0333,34.3,92,98,2.3
196,Mansfield,GB,2021-11-21 22:05:40,53.1333,-1.2,39.29,90,8,10.85
197,Norman Wells,CA,2021-11-21 22:05:40,65.282,-126.8329,-14.76,76,75,2.3
198,Begoro,GH,2021-11-21 22:05:40,6.3871,-0.3774,72.81,91,64,4.18
199,Esso,RU,2021-11-21 22:05:40,55.9333,158.7,17.29,93,100,1.77
200,Mazamari,PE,2021-11-21 22:05:41,-11.3258,-74.5308,79.75,68,79,0.81
201,Airai,TL,2021-11-21 22:04:43,-8.9266,125.4092,62.98,84,100,1.77
202,Tuatapere,NZ,2021-11-21 22:05:41,-46.1333,167.6833,51.44,95,100,1.16
203,Belvedere Marittimo,IT,2021-11-21 22:05:42,39.6179,15.8617,53.11,85,99,4.54
204,Moundou,TD,2021-11-21 22:05:42,8.5667,16.0833,78.91,31,74,1.05
205,Taoudenni,ML,2021-11-21 22:05:42,22.6783,-3.9836,80.19,26,91,7.18
206,Mitsamiouli,KM,2021-11-21 22:05:42,-11.3847,43.2844,79.16,76,8,7.09
207,Dubbo,AU,2021-11-21 22:05:43,-32.25,148.6167,62.73,67,100,20.71
208,Atocha,BO,2021-11-21 22:05:43,-20.9333,-66.2333,60.48,29,85,23.0
209,Lebu,CL,2021-11-21 22:05:43,-37.6167,-73.65,57.92,85,2,17.05
210,Bonoua,CI,2021-11-21 22:05:43,5.2741,-3.595,82.02,90,60,5.28
211,Broome,US,2021-11-21 22:05:44,42.2506,-75.833,46.0,69,90,11.99
212,Los Llanos De Aridane,ES,2021-11-21 22:05:44,28.6585,-17.9182,69.55,96,40,3.0
213,Pandan,PH,2021-11-21 22:00:18,14.0453,124.1694,79.47,88,14,3.65
214,Ancud,CL,2021-11-21 22:00:20,-41.8697,-73.8203,53.67,95,100,8.28
215,Olafsvik,IS,2021-11-21 22:05:44,64.8945,-23.7142,42.87,80,100,21.81
216,Vanavara,RU,2021-11-21 22:05:44,60.34,102.2797,2.97,96,100,5.12
217,Nokaneng,BW,2021-11-21 22:05:45,-19.6667,22.2667,75.63,63,49,10.98
218,Monteagudo,BO,2021-11-21 22:05:45,-19.8167,-63.9833,82.94,36,54,7.11
219,Comarapa,BO,2021-11-21 22:05:45,-17.9,-64.4833,66.56,63,52,4.52
220,Mwingi,KE,2021-11-21 22:05:46,-0.9344,38.0601,66.43,87,68,1.88
221,Luderitz,NA,2021-11-21 22:05:46,-26.6481,15.1594,60.17,80,0,10.96
222,Henties Bay,NA,2021-11-21 22:05:46,-22.116,14.2845,60.85,90,0,4.68
223,Chapleau,CA,2021-11-21 22:01:33,47.8405,-83.4034,33.26,95,100,10.8
224,Lorengau,PG,2021-11-21 22:05:47,-2.0226,147.2712,84.07,71,73,3.04
225,Kichera,RU,2021-11-21 22:05:47,55.9375,110.0997,-1.82,77,92,4.59
226,Berezovyy,RU,2021-11-21 22:05:47,51.6667,135.7,5.77,94,100,2.75
227,Porbandar,IN,2021-11-21 22:05:47,21.6422,69.6093,80.73,56,100,10.11
228,Tigzirt,DZ,2021-11-21 22:06:48,36.8886,4.1198,58.41,84,46,12.86
229,Sinnamary,GF,2021-11-21 22:06:48,5.3833,-52.95,79.27,82,43,8.72
230,Manta,EC,2021-11-21 22:06:48,-0.95,-80.7333,74.98,78,75,10.36
231,Bilma,NE,2021-11-21 22:06:48,18.6853,12.9164,77.38,22,3,6.33
232,Lasa,IT,2021-11-21 22:06:49,46.6166,10.7002,43.54,85,100,0.56
233,Vaitape,PF,2021-11-21 22:06:49,-16.5167,-151.75,79.75,67,11,8.39
234,Richland,US,2021-11-21 22:06:49,40.7834,-82.5499,42.19,94,90,3.0
235,Kaitangata,NZ,2021-11-21 22:00:14,-46.2817,169.8464,51.33,90,100,2.15
236,Caravelas,BR,2021-11-21 22:06:49,-17.7125,-39.2481,72.05,90,99,12.15
237,Nemuro,JP,2021-11-21 22:06:50,43.3236,145.575,43.18,68,91,13.73
238,Ramnagar,IN,2021-11-21 22:06:50,29.4,79.1167,58.87,55,0,4.14
239,Sri Aman,MY,2021-11-21 22:06:50,1.2376,111.4621,73.58,96,94,0.83
240,Phuket,TH,2021-11-21 22:04:16,8.0,98.25,85.08,100,20,0.0
241,Chapais,CA,2021-11-21 22:02:45,49.7834,-74.8492,32.41,82,99,11.14
242,Ust-Karsk,RU,2021-11-21 22:06:50,52.7011,118.8077,8.42,98,99,2.37
243,Zyryanovsk,KZ,2021-11-21 22:06:51,49.7386,84.2719,-0.08,95,100,1.3
244,Katobu,ID,2021-11-21 22:06:51,-4.9408,122.5276,75.16,91,86,1.12
245,Vestmannaeyjar,IS,2021-11-21 22:06:51,63.4427,-20.2734,44.91,81,100,19.13
246,Nowa Ruda,PL,2021-11-21 22:06:51,50.5801,16.5016,42.76,86,100,1.01
247,Ligayan,PH,2021-11-21 22:06:52,4.6533,119.4706,83.62,69,33,2.62
248,Launceston,AU,2021-11-21 22:06:52,-41.45,147.1667,60.62,74,75,4.0
249,Viedma,AR,2021-11-21 22:06:52,-40.8135,-62.9967,80.65,26,54,9.66
250,Svetlogorsk,BY,2021-11-21 22:06:53,52.6333,29.7333,41.32,77,77,17.09
251,Kacarevo,RS,2021-11-21 22:06:53,44.9666,20.6995,55.4,73,7,4.25
252,Ribeira Grande,PT,2021-11-21 22:06:53,38.5167,-28.7,64.4,80,100,24.74
253,Fengzhen,CN,2021-11-21 22:06:53,40.4394,113.1536,8.82,61,0,10.0
254,Nortelandia,BR,2021-11-21 22:06:54,-14.4547,-56.8028,77.76,88,84,1.1
255,Chokurdakh,RU,2021-11-21 22:04:35,70.6333,147.9167,-15.07,100,95,0.94
256,Atlantic City,US,2021-11-21 22:06:54,39.3643,-74.4229,53.98,82,75,4.61
257,East London,ZA,2021-11-21 22:06:54,-33.0153,27.9116,70.18,87,100,18.7
258,Kaspiysk,RU,2021-11-21 22:06:54,42.8816,47.6392,39.38,87,6,8.95
259,Rundu,NA,2021-11-21 22:06:55,-17.9333,19.7667,75.2,53,91,4.07
260,Arendonk,BE,2021-11-21 22:06:55,51.3227,5.0829,42.75,93,21,9.48
261,Balkanabat,TM,2021-11-21 22:06:55,39.5108,54.3671,51.93,64,0,6.35
262,Padang,ID,2021-11-21 22:06:55,-0.9492,100.3543,77.52,84,100,5.26
263,Selma,US,2021-11-21 22:06:56,36.5708,-119.6121,73.04,73,0,4.34
264,Muroto,JP,2021-11-21 22:06:56,33.2833,134.15,55.44,82,100,21.74
265,Tabou,CI,2021-11-21 22:06:56,4.423,-7.3528,78.84,85,13,5.41
266,Tazovskiy,RU,2021-11-21 22:06:56,67.4667,78.7,1.74,95,100,20.62
267,Haines Junction,CA,2021-11-21 22:06:57,60.7522,-137.5108,3.22,89,100,2.91
268,Litovko,RU,2021-11-21 22:06:57,49.2361,135.1742,14.88,80,100,17.87
269,Gurupa,BR,2021-11-21 22:06:57,-1.405,-51.64,76.98,89,98,4.97
270,Jamestown,US,2021-11-21 21:59:42,42.097,-79.2353,39.85,95,90,5.99
271,Dossor,KZ,2021-11-21 22:06:57,47.5272,52.9811,36.93,76,10,17.65
272,Matara,LK,2021-11-21 22:06:58,5.9485,80.5353,74.16,88,50,9.1
273,Agirish,RU,2021-11-21 22:06:58,61.9247,63.0231,17.58,98,100,3.0
274,Joao Camara,BR,2021-11-21 22:06:58,-5.5375,-35.8197,79.84,75,11,11.86
275,Cherskiy,RU,2021-11-21 22:06:58,68.75,161.3,-30.19,100,61,4.61
276,Runkel,DE,2021-11-21 22:06:59,50.4,8.1667,44.85,95,100,2.82
277,San Patricio,US,2021-11-21 22:04:32,28.017,-97.5169,84.61,64,73,12.06
278,Monrovia,LR,2021-11-21 22:07:59,6.3005,-10.7969,78.57,78,9,7.96
279,Husavik,IS,2021-11-21 22:07:59,66.0449,-17.3389,37.38,79,69,12.35
280,Mykolayivka,UA,2021-11-21 22:08:00,47.5414,30.7561,43.18,88,75,7.0
281,Sistranda,NO,2021-11-21 22:08:00,63.7256,8.834,39.9,56,100,16.49
282,Fallon,US,2021-11-21 22:07:04,39.4735,-118.7774,53.92,38,1,4.61
283,Praia,CV,2021-11-21 22:08:00,14.9215,-23.5087,79.34,73,0,19.57
284,Lamu,KE,2021-11-21 22:08:00,-2.2717,40.902,80.82,81,25,7.27
285,Fairbanks,US,2021-11-21 22:03:08,64.8378,-147.7164,-8.39,72,1,0.0
286,Kavaratti,IN,2021-11-21 22:08:01,10.5669,72.642,80.64,74,11,6.89
287,Aconibe,GQ,2021-11-21 22:08:01,1.2968,10.9369,67.91,98,91,2.17
288,Cabo San Lucas,MX,2021-11-21 22:03:49,22.8909,-109.9124,83.61,61,20,6.91
289,Kommunar,RU,2021-11-21 22:08:01,59.6206,30.39,29.73,69,28,12.26
290,Harboore,DK,2021-11-21 22:08:02,56.6175,8.1807,38.21,61,8,5.75
291,Iralaya,HN,2021-11-21 22:08:02,15.0,-83.2333,78.75,84,91,8.21
292,Pangnirtung,CA,2021-11-21 22:00:16,66.1451,-65.7125,7.02,78,68,6.17
293,Penne,IT,2021-11-21 22:08:02,42.4538,13.9299,50.77,83,100,3.06
294,Terrace,CA,2021-11-21 22:07:30,54.5163,-128.6035,33.42,100,100,1.86
295,Areosa,PT,2021-11-21 22:08:02,41.7178,-8.8571,55.33,78,4,10.09
296,Hokitika,NZ,2021-11-21 22:08:03,-42.7167,170.9667,61.32,67,99,6.98
297,Pacific Grove,US,2021-11-21 22:08:03,36.6177,-121.9166,78.91,42,1,3.0
298,Bethel,US,2021-11-21 21:54:30,41.3712,-73.414,52.02,63,81,1.01
299,Puerto Escondido,MX,2021-11-21 22:08:03,15.85,-97.0667,85.03,74,1,6.91
300,Bandrele,YT,2021-11-21 22:08:03,-12.9067,45.1914,76.75,88,0,3.44
301,Terre Haute,US,2021-11-21 22:08:04,39.4667,-87.4139,54.5,84,1,5.75
302,Buala,SB,2021-11-21 22:08:04,-8.145,159.5921,84.43,70,27,6.82
303,Cadillac,US,2021-11-21 22:08:04,44.2519,-85.4012,43.14,81,90,8.05
304,Eirunepe,BR,2021-11-21 22:08:04,-6.6603,-69.8736,79.79,85,63,1.74
305,Were Ilu,ET,2021-11-21 22:08:05,10.6,39.4333,46.56,53,85,6.51
306,Ilhabela,BR,2021-11-21 22:08:05,-23.7781,-45.3581,67.71,80,91,7.0
307,Sterling,US,2021-11-21 22:08:05,39.0062,-77.4286,52.57,61,90,3.0
308,Kherson,UA,2021-11-21 22:08:06,46.6558,32.6178,47.68,93,35,9.93
309,Richards Bay,ZA,2021-11-21 22:08:06,-28.783,32.0377,70.81,79,100,12.17
310,Xinqing,CN,2021-11-21 22:08:06,48.2333,129.5,15.94,93,100,7.96
311,Alta Floresta,BR,2021-11-21 22:08:06,-9.8756,-56.0861,74.84,95,91,3.38
312,Ballina,AU,2021-11-21 22:08:07,-28.8667,153.5667,69.84,85,100,7.16
313,Yulara,AU,2021-11-21 22:08:07,-25.2406,130.9889,73.24,28,80,17.27
314,Ranaghat,IN,2021-11-21 22:08:07,23.1833,88.5833,73.26,60,6,5.1
315,Cockburn Town,TC,2021-11-21 22:08:07,21.4612,-71.1419,81.16,72,93,13.47
316,Trairi,BR,2021-11-21 22:06:25,-3.2778,-39.2689,80.06,75,7,10.94
317,Kattivakkam,IN,2021-11-21 22:08:08,13.2167,80.3167,81.07,92,99,5.28
318,Sur,OM,2021-11-21 22:08:08,22.5667,59.5289,75.58,46,23,12.75
319,Mitu,CO,2021-11-21 22:08:08,1.1983,-70.1733,74.91,96,52,2.55
320,Hofn,IS,2021-11-21 22:08:08,64.2539,-15.2082,43.18,58,59,9.78
321,Port Hardy,CA,2021-11-21 22:08:00,50.6996,-127.4199,46.58,87,90,20.71
322,Deputatskiy,RU,2021-11-21 22:08:09,69.3,139.9,-17.0,100,100,0.49
323,Honningsvag,NO,2021-11-21 22:08:09,70.9821,25.9704,29.84,50,100,29.33
324,Walvis Bay,NA,2021-11-21 22:08:41,-22.9575,14.5053,61.09,85,0,7.92
325,Pangody,RU,2021-11-21 22:09:09,65.85,74.4859,17.02,94,100,18.25
326,Bima,ID,2021-11-21 22:09:10,-8.4667,118.7167,77.92,91,100,1.5
327,Maceio,BR,2021-11-21 22:07:22,-9.6658,-35.7353,80.04,83,0,8.05
328,Sioux Lookout,CA,2021-11-21 22:09:10,50.1001,-91.917,16.18,89,100,14.7
329,Kruisfontein,ZA,2021-11-21 22:09:10,-34.0033,24.7314,66.88,92,98,8.59
330,Charleston,US,2021-11-21 22:07:13,32.7766,-79.9309,68.18,73,40,1.99
331,Virginia Beach,US,2021-11-21 22:08:05,36.8529,-75.978,63.03,77,90,3.44
332,Severo-Kurilsk,RU,2021-11-21 22:09:11,50.6789,156.125,37.58,86,93,10.67
333,Rorvik,NO,2021-11-21 22:09:11,64.8621,11.2373,35.71,80,40,8.05
334,Comodoro Rivadavia,AR,2021-11-21 22:07:31,-45.8667,-67.5,53.46,94,40,8.05
335,Okha,RU,2021-11-21 22:09:11,53.5739,142.9478,24.75,87,83,13.06
336,Zonguldak,TR,2021-11-21 22:09:11,41.25,31.8333,42.48,65,6,5.32
337,Ginda,IN,2021-11-21 22:09:12,30.6945,78.4932,46.38,20,0,7.56
338,Palmer,US,2021-11-21 22:09:12,42.1584,-72.3287,51.22,59,90,9.22
339,Faya,SA,2021-11-21 22:09:12,18.3851,42.4509,52.32,55,48,1.81
340,Waitati,NZ,2021-11-21 22:09:12,-45.75,170.5667,51.42,92,100,3.89
341,Ukiah,US,2021-11-21 22:04:56,39.1502,-123.2078,72.57,31,1,0.0
342,Canning,IN,2021-11-21 22:09:13,22.3189,88.6714,73.42,64,19,5.53
343,Lagoa,PT,2021-11-21 22:00:19,39.05,-27.9833,62.6,82,100,33.08
344,Pasighat,IN,2021-11-21 22:09:13,28.0667,95.3333,65.77,59,84,1.5
345,Goderich,CA,2021-11-21 22:09:13,43.7501,-81.7165,41.92,95,100,18.79
346,Wasilla,US,2021-11-21 22:09:13,61.5814,-149.4394,11.01,73,1,0.0
347,Makanya,TZ,2021-11-21 22:09:14,-4.3667,37.8333,69.49,77,24,3.22
348,Regente Feijo,BR,2021-11-21 22:09:14,-22.2214,-51.3028,74.39,48,22,4.09
349,Stephenville Crossing,CA,2021-11-21 22:09:14,48.5,-58.4318,38.21,82,100,10.4
350,Changtu,CN,2021-11-21 22:09:14,42.7788,124.0955,20.64,90,100,13.15
351,Pucallpa,PE,2021-11-21 22:09:15,-8.3791,-74.5539,86.04,66,40,3.44
352,Jumla,NP,2021-11-21 22:09:15,29.2747,82.1838,40.53,27,0,2.98
353,Kharp,RU,2021-11-21 22:09:15,66.8014,65.8081,13.06,95,100,8.84
354,Karlskrona,SE,2021-11-21 22:09:15,56.1616,15.5866,28.85,83,28,10.45
355,Potsdam,DE,2021-11-21 22:09:16,52.3989,13.0657,45.05,98,100,4.63
356,Warman,CA,2021-11-21 22:09:16,52.3168,-106.5679,13.08,66,100,8.86
357,Aswan,EG,2021-11-21 22:09:16,24.0934,32.907,64.74,45,0,8.77
358,Karratha,AU,2021-11-21 22:09:17,-20.7377,116.8463,74.97,64,100,7.02
359,Saint George,US,2021-11-21 22:09:17,37.1041,-113.5841,64.44,19,1,1.99
360,Derzhavinsk,KZ,2021-11-21 22:09:17,51.1,66.3167,32.23,97,100,24.52
361,Borogontsy,RU,2021-11-21 22:09:17,62.6683,131.1683,-31.27,100,22,2.51
362,Waynesville,US,2021-11-21 22:09:18,35.4887,-82.9887,56.48,68,100,5.01
363,Wattegama,LK,2021-11-21 22:09:18,6.7989,81.4808,70.72,92,73,1.14
364,Thio,NC,2021-11-21 22:09:18,-21.6167,166.2167,82.36,61,7,0.83
365,Ilulissat,GL,2021-11-21 22:09:18,69.2167,-51.1,24.82,86,75,12.66
366,Zhuzhou,CN,2021-11-21 22:05:34,27.8333,113.15,46.15,76,100,9.82
367,Heiligenhafen,DE,2021-11-21 22:09:19,54.3667,10.9833,43.95,67,39,15.97
368,Superior,US,2021-11-21 22:09:19,46.7208,-92.1041,28.22,56,40,23.02
369,Meybod,IR,2021-11-21 22:09:19,32.2501,54.0166,54.07,43,77,4.99
370,Kemijarvi,FI,2021-11-21 22:10:19,66.7131,27.4306,18.81,87,25,7.9
371,Ust-Koksa,RU,2021-11-21 22:10:20,50.2696,85.6108,15.46,74,100,1.32
372,Cankuzo,BI,2021-11-21 22:10:20,-3.1333,30.5833,58.35,95,93,3.38
373,Danville,US,2021-11-21 22:10:20,36.586,-79.395,57.42,59,90,3.44
374,Hamilton,US,2021-11-21 22:10:05,39.1834,-84.5333,46.76,95,90,3.0
375,Gazli,UZ,2021-11-21 22:10:20,40.1333,63.45,46.63,37,4,7.34
376,Prieska,ZA,2021-11-21 22:10:21,-29.6641,22.7474,67.41,69,56,18.07
377,Hays,US,2021-11-21 22:10:21,30.0502,-98.0336,75.7,72,100,5.99
378,Tampico,MX,2021-11-21 22:10:21,22.2167,-97.85,80.78,69,1,8.05
379,George Town,MY,2021-11-21 22:10:21,5.4112,100.3354,78.89,93,20,0.0
380,Kholmogory,RU,2021-11-21 22:10:22,64.2229,41.656,23.11,97,100,3.06
381,Mantua,IT,2021-11-21 22:10:22,45.1667,10.7833,47.44,92,78,5.99
382,Nioro,GM,2021-11-21 22:10:22,13.35,-15.75,83.44,21,97,2.73
383,Ishigaki,JP,2021-11-21 22:10:23,24.3448,124.1572,76.89,75,24,4.36
384,Lexington,US,2021-11-21 22:09:29,37.9887,-84.4777,50.14,85,90,8.05
385,Longyearbyen,SJ,2021-11-21 22:07:14,78.2186,15.6401,3.04,78,20,11.5
386,Saint Anthony,US,2021-11-21 22:10:23,45.0205,-93.218,30.15,48,1,5.99
387,Sawtell,AU,2021-11-21 22:10:23,-30.3833,153.1,69.19,94,90,4.61
388,Ahipara,NZ,2021-11-21 22:10:24,-35.1667,173.1667,70.81,75,100,2.86
389,Ghanzi,BW,2021-11-21 22:10:24,-21.5667,21.7833,73.67,63,80,19.46
390,Plouzane,FR,2021-11-21 22:10:24,48.3833,-4.6167,46.58,68,40,17.27
391,Hyeres,FR,2021-11-21 22:10:24,43.1167,6.1167,53.69,93,100,2.3
392,Tumbagaan,PH,2021-11-21 22:10:25,5.3656,120.3139,81.03,77,12,3.47
393,Margate,GB,2021-11-21 22:10:25,51.3813,1.3862,43.7,86,40,26.51
394,Bowmore,US,2021-11-21 22:10:25,34.9421,-79.3031,66.52,48,1,4.61
395,Hirara,JP,2021-11-21 22:10:25,24.8,125.2833,70.07,100,20,0.0
396,Rocha,UY,2021-11-21 22:10:26,-34.4833,-54.3333,67.01,86,79,12.55
397,Narsaq,GL,2021-11-21 22:10:26,60.9167,-46.05,34.02,94,99,3.04
398,Nasirabad,IN,2021-11-21 22:08:06,26.3,74.7333,68.18,31,0,5.7
399,Okhotsk,RU,2021-11-21 22:10:26,59.3833,143.3,4.37,89,100,14.94
400,Hobyo,SO,2021-11-21 22:10:26,5.3505,48.5268,79.32,68,97,11.48
401,Kushima,JP,2021-11-21 22:10:27,31.4583,131.2333,65.12,93,100,12.62
402,Lyndon,US,2021-11-21 22:10:27,38.2567,-85.6016,49.64,94,90,1.01
403,Ixtapa,MX,2021-11-21 22:10:27,20.7,-105.2,83.43,61,1,9.22
404,Tanga,TZ,2021-11-21 22:10:28,-5.0667,39.1,75.15,84,6,2.84
405,Cam Ranh,VN,2021-11-21 22:10:28,11.9214,109.1591,75.16,100,75,2.3
406,Nouadhibou,MR,2021-11-21 22:10:28,20.931,-17.0347,70.27,74,100,12.8
407,Turbat,PK,2021-11-21 22:10:28,26.0023,63.044,69.03,17,3,11.86
408,Big Spring,US,2021-11-21 22:06:36,32.2504,-101.4787,62.08,32,1,5.99
409,Miri,MY,2021-11-21 22:10:29,4.4148,114.0089,75.36,91,96,4.38
410,San Cristobal,VE,2021-11-21 22:10:29,7.7669,-72.225,73.58,71,89,2.98
411,North Bend,US,2021-11-21 22:10:29,43.4065,-124.2243,61.07,79,1,9.22
412,Benguela,AO,2021-11-21 22:10:29,-12.5763,13.4055,75.79,82,97,4.83
413,Khazar,RU,2021-11-21 22:10:30,41.9974,48.3332,49.64,69,2,4.99
414,Laem Sing,TH,2021-11-21 22:10:30,12.4816,102.0738,83.14,88,35,5.21
415,Baracoa,CU,2021-11-21 22:11:30,20.3467,-74.4958,78.94,84,40,5.57
416,Bonthe,SL,2021-11-21 22:11:30,7.5264,-12.505,79.05,84,28,8.19
417,Gamba,GA,2021-11-21 22:11:31,-2.65,10.0,78.49,88,100,4.72
418,Saint-Augustin,CA,2021-11-21 22:11:31,51.226,-58.6502,33.55,86,100,10.27
419,Saint-Francois,FR,2021-11-21 22:11:31,46.4154,3.9054,39.47,95,90,1.14
420,Marshall,US,2021-11-21 22:11:27,34.3834,-86.3333,64.13,74,75,5.75
421,Cascais,PT,2021-11-21 22:08:02,38.6979,-9.4215,58.46,74,7,8.01
422,Det Udom,TH,2021-11-21 22:11:32,14.906,105.0784,78.03,79,11,1.19
423,Manzanillo,CU,2021-11-21 22:11:32,20.3433,-77.1167,80.31,72,80,6.13
424,Vardo,NO,2021-11-21 22:11:32,70.3705,31.1107,28.38,50,100,20.71
425,College,US,2021-11-21 22:06:50,64.8569,-147.8028,-8.41,71,20,0.0
426,Iqaluit,CA,2021-11-21 22:11:32,63.7506,-68.5145,6.82,95,91,4.0
427,Usogorsk,RU,2021-11-21 22:11:33,63.4106,48.6872,21.83,97,100,1.32
428,Yala,TH,2021-11-21 22:11:33,6.3333,101.25,73.15,97,55,1.54
429,Port Macquarie,AU,2021-11-21 22:11:33,-31.4333,152.9167,67.89,100,90,13.8
430,Port Keats,AU,2021-11-21 22:11:33,-14.25,129.55,86.13,71,100,7.87
431,Vostok,RU,2021-11-21 22:11:34,46.4856,135.8833,27.55,74,98,17.09
432,Harper,LR,2021-11-21 22:11:34,4.375,-7.7169,79.3,83,34,5.48
433,Matinha,BR,2021-11-21 22:11:34,-3.1006,-45.0336,79.2,80,91,5.19
434,Merauke,ID,2021-11-21 22:11:34,-8.4667,140.3333,81.01,83,38,10.11
435,Kandiaro,PK,2021-11-21 22:11:35,27.0601,68.2091,67.62,19,0,6.2
436,Shu,KZ,2021-11-21 22:11:35,43.5983,73.7614,43.23,36,75,7.58
437,Grand Gaube,MU,2021-11-21 22:11:35,-20.0064,57.6608,72.37,77,59,1.99
438,Yumen,CN,2021-11-21 22:11:35,40.2833,97.2,23.41,49,0,6.82
439,Solnechnyy,RU,2021-11-21 22:11:36,50.7214,136.6319,7.77,88,99,6.91
440,Klyuchi,RU,2021-11-21 22:11:36,52.2667,79.1667,23.58,79,100,16.31
441,Santa Rosa Del Sur,CO,2021-11-21 22:11:36,7.9644,-74.0544,73.78,91,73,1.61
442,Morondava,MG,2021-11-21 22:11:36,-20.2833,44.2833,79.88,78,60,5.23
443,Shingu,JP,2021-11-21 22:11:37,33.7333,135.9833,62.35,87,100,1.66
444,Qarqin,AF,2021-11-21 22:11:37,37.4185,66.0436,55.31,26,60,13.18
445,Dingle,PH,2021-11-21 22:11:37,10.9995,122.6711,76.24,93,47,4.85
446,Copiapo,CL,2021-11-21 22:11:37,-27.3667,-70.3333,58.69,27,79,7.18
447,Villarrica,PY,2021-11-21 22:11:38,-25.75,-56.4333,80.4,64,10,5.19
448,Sassandra,CI,2021-11-21 22:11:38,4.95,-6.0833,78.84,85,22,6.42
449,Roald,NO,2021-11-21 22:11:38,62.5833,6.1333,39.34,81,75,6.91
450,Kangaba,ML,2021-11-21 22:11:38,11.9333,-8.4167,77.76,17,23,4.34
451,Saraland,US,2021-11-21 22:11:39,30.8207,-88.0706,75.31,77,91,3.78
452,Kargopol,RU,2021-11-21 22:11:39,61.5071,38.9456,25.02,91,97,8.86
453,Hambantota,LK,2021-11-21 22:11:39,6.1241,81.1185,75.31,83,75,10.25
454,Birjand,IR,2021-11-21 22:11:39,32.8663,59.2211,50.2,38,21,4.5
455,Vila Franca Do Campo,PT,2021-11-21 22:11:40,37.7167,-25.4333,61.2,87,78,6.64
456,Mujiayingzi,CN,2021-11-21 22:11:40,42.1167,118.7833,15.71,52,25,19.39
457,Wilmington,US,2021-11-21 22:11:27,34.2257,-77.9447,67.91,72,1,3.44
458,Biak,ID,2021-11-21 22:11:40,-0.9131,122.8766,76.86,82,69,1.81
459,Stykkisholmur,IS,2021-11-21 22:11:40,65.0757,-22.7297,39.78,90,100,11.7
460,Mopipi,BW,2021-11-21 22:11:41,-21.1833,24.8833,71.65,80,100,13.02
461,Mount Vernon,US,2021-11-21 22:11:41,40.9126,-73.8371,54.1,68,75,1.99
462,Batsfjord,NO,2021-11-21 22:11:41,70.6345,29.7185,28.4,58,75,10.36
463,Oranjemund,NA,2021-11-21 22:11:41,-28.55,16.4333,62.55,84,99,9.4
464,Sergeyevka,KZ,2021-11-21 22:12:42,53.88,67.4158,27.99,95,100,19.01
465,Ramona,US,2021-11-21 22:12:42,33.0417,-116.8681,84.22,15,1,11.99
466,Veraval,IN,2021-11-21 22:12:42,20.9,70.3667,81.07,66,94,9.51
467,Bambous Virieux,MU,2021-11-21 22:08:46,-20.3428,57.7575,72.21,94,40,3.44
468,Alappuzha,IN,2021-11-21 22:12:42,9.49,76.3264,77.14,82,74,2.93
469,Pilar,BR,2021-11-21 22:12:43,-9.5972,-35.9567,78.73,80,9,8.16
470,Yangcun,CN,2021-11-21 22:12:43,39.3639,117.0603,32.0,31,0,18.34
471,Laurel,US,2021-11-21 22:12:43,39.0993,-76.8483,52.83,67,75,3.0
472,Jiwani,PK,2021-11-21 22:12:43,25.05,61.7417,74.93,33,10,8.12
473,San Ramon,US,2021-11-21 22:12:44,37.7799,-121.978,69.93,51,1,3.0
474,Lata,PT,2021-11-21 22:12:44,40.1629,-8.3327,55.81,95,20,1.01
475,Sao Filipe,CV,2021-11-21 22:12:44,14.8961,-24.4956,80.94,69,100,7.96
476,Juneau,US,2021-11-21 22:11:45,58.3019,-134.4197,40.84,97,90,12.66
477,Qinzhou,CN,2021-11-21 22:12:45,21.95,108.6167,61.45,70,99,22.26
478,Amahai,ID,2021-11-21 22:12:45,-3.3333,128.9167,79.05,83,100,3.11
479,Praia Da Vitoria,PT,2021-11-21 22:12:45,38.7333,-27.0667,64.76,88,100,27.69
480,Urumqi,CN,2021-11-21 22:12:04,43.801,87.6005,11.35,73,0,4.47
481,Senneterre,CA,2021-11-21 22:12:45,48.3835,-77.2328,34.02,95,100,12.8
482,Shihezi,CN,2021-11-21 22:12:46,44.3,86.0333,21.6,54,15,3.65
483,Greeley,US,2021-11-21 22:09:28,40.4233,-104.7091,61.38,31,1,5.01
484,Sao Lourenco Do Sul,BR,2021-11-21 22:12:46,-31.3653,-51.9783,72.91,65,0,6.13
485,Fort-Shevchenko,KZ,2021-11-21 22:12:46,44.5086,50.263,48.88,81,7,14.29
486,Torquay,GB,2021-11-21 22:12:46,50.4638,-3.5143,42.58,37,6,23.78
487,Lisakovsk,KZ,2021-11-21 22:12:47,52.5369,62.4936,29.25,82,97,22.08
488,Alihe,CN,2021-11-21 22:12:47,50.5667,123.7167,11.32,85,100,6.44
489,San Carlos De Bariloche,AR,2021-11-21 22:11:59,-41.1456,-71.3082,58.75,55,75,24.16
490,Teotitlan,MX,2021-11-21 22:12:47,18.1319,-97.0767,74.82,63,38,6.87
491,Giyon,ET,2021-11-21 22:12:47,8.5333,37.9833,56.12,41,91,9.78
492,Minudasht,IR,2021-11-21 22:12:48,37.2289,55.3747,52.66,57,75,2.75
493,Krapkowice,PL,2021-11-21 22:12:48,50.4752,17.9654,44.94,81,82,3.87
494,Becerril,CO,2021-11-21 22:12:48,9.7041,-73.2793,81.36,80,98,2.48
495,Edd,ER,2021-11-21 22:12:49,13.9297,41.6925,82.35,60,56,6.42
496,Jiuquan,CN,2021-11-21 22:10:53,39.7432,98.5174,24.06,44,0,2.01
497,Tessalit,ML,2021-11-21 22:12:49,20.1986,1.0114,71.87,27,50,9.01
498,Struthers,US,2021-11-21 22:12:49,41.0526,-80.6078,43.32,91,90,1.01
499,Antropovo,RU,2021-11-21 22:12:49,58.3988,43.0066,26.2,89,100,8.9
500,Yar-Sale,RU,2021-11-21 22:10:02,66.8333,70.8333,15.49,95,100,14.9
501,Labrea,BR,2021-11-21 22:12:50,-7.2586,-64.7981,77.45,85,100,2.28
502,Sihora,IN,2021-11-21 22:12:50,23.4833,80.1167,66.61,68,8,4.38
503,Zheleznodorozhnyy,RU,2021-11-21 22:12:50,55.7503,38.0042,36.21,95,100,4.59
504,Tartus,SY,2021-11-21 22:12:50,34.889,35.8866,59.41,61,16,8.32
505,Sitka,US,2021-11-21 22:12:51,57.0531,-135.33,44.49,81,90,20.71
506,Asau,RO,2021-11-21 22:12:51,46.4333,26.4,42.96,62,9,6.29
507,Surt,LY,2021-11-21 22:12:51,31.2089,16.5887,66.33,65,88,8.32
508,Roma,US,2021-11-21 22:10:13,43.2128,-75.4557,45.43,70,90,11.5
509,Sayyan,YE,2021-11-21 22:12:51,15.1718,44.3244,55.58,40,76,3.02
510,Elko,US,2021-11-21 22:12:52,41.0002,-115.5012,49.75,39,58,5.01
511,Waingapu,ID,2021-11-21 22:13:52,-9.6567,120.2641,80.1,79,82,3.13
512,Homer,US,2021-11-21 22:13:52,59.6425,-151.5483,19.29,68,1,6.91
513,Tiksi,RU,2021-11-21 22:13:52,71.6872,128.8694,-16.82,99,100,1.92
514,San Andres,CO,2021-11-21 22:10:05,12.5847,-81.7006,84.22,74,90,11.5
515,Ulverstone,AU,2021-11-21 22:13:53,-41.15,146.1667,64.22,65,96,1.81
516,Quang Ngai,VN,2021-11-21 22:13:53,15.1167,108.8,73.38,92,53,3.96
517,Edmundston,CA,2021-11-21 22:13:53,47.3737,-68.3251,35.69,75,90,0.0
518,Juazeiro,BR,2021-11-21 22:13:53,-9.4117,-40.4986,89.78,40,0,6.91
519,Maroantsetra,MG,2021-11-21 22:13:54,-15.4333,49.7333,74.03,80,81,1.99
520,Muros,ES,2021-11-21 22:13:54,42.7762,-9.0603,55.24,86,2,12.75
521,Franklin,US,2021-11-21 22:13:54,39.9667,-83.0166,45.23,95,90,3.0
522,Naze,JP,2021-11-21 22:13:55,28.3667,129.4833,68.92,86,100,10.76
523,Oktyabrskoye,RU,2021-11-21 22:13:55,43.0645,44.7417,28.54,93,3,6.71
524,Coihaique,CL,2021-11-21 22:13:55,-45.5752,-72.0662,60.75,48,40,8.05
525,Ginir,ET,2021-11-21 22:13:55,7.1333,40.7,56.66,63,32,5.7
526,Cassilandia,BR,2021-11-21 22:13:56,-19.1133,-51.7342,76.01,75,76,4.72
527,Aklavik,CA,2021-11-21 22:13:56,68.2191,-135.0107,-5.04,99,100,8.3
528,Taganak,PH,2021-11-21 22:13:56,6.0833,118.3,81.63,79,31,5.03
529,Singaraja,ID,2021-11-21 22:13:56,-8.112,115.0882,77.97,85,75,3.74
530,Progreso,MX,2021-11-21 22:13:57,21.2833,-89.6667,84.11,74,8,12.33
531,Chalon-Sur-Saone,FR,2021-11-21 22:13:57,46.7833,4.85,40.69,78,100,5.21
532,Jiazi,CN,2021-11-21 22:13:57,22.8779,116.067,68.4,77,0,11.21
533,Sattur,IN,2021-11-21 22:13:57,9.3667,77.9333,75.61,83,7,4.81
534,Guarapari,BR,2021-11-21 22:13:58,-20.6667,-40.4975,66.88,82,100,7.43
535,Khor,RU,2021-11-21 22:13:58,47.8861,134.9464,18.28,93,100,15.9
536,Bam,IR,2021-11-21 22:13:58,29.106,58.357,58.66,28,0,2.08
537,Srandakan,ID,2021-11-21 22:13:58,-7.9386,110.2506,63.73,89,100,2.77
538,Kaltan,RU,2021-11-21 22:13:59,53.5347,87.2457,17.67,94,100,2.46
539,Ucluelet,CA,2021-11-21 22:12:21,48.9329,-125.5528,47.08,88,100,6.49
540,Flinders,AU,2021-11-21 22:13:01,-34.5833,150.8552,65.8,77,100,10.98
541,Kinsale,IE,2021-11-21 22:13:59,51.7075,-8.5306,40.37,81,20,8.05
542,Havre-Saint-Pierre,CA,2021-11-21 22:13:59,50.2334,-63.5986,32.36,93,75,2.3
543,Half Moon Bay,US,2021-11-21 22:13:59,37.4636,-122.4286,73.04,51,1,8.05
544,Sale,MA,2021-11-21 22:14:00,34.0389,-6.8166,60.64,100,75,0.0
545,Kidal,ML,2021-11-21 22:14:00,18.4411,1.4078,75.94,22,28,12.5
546,Aksha,RU,2021-11-21 22:14:00,50.2814,113.2867,3.63,77,7,6.06
547,Saint-Georges,GD,2021-11-21 22:10:14,12.0564,-61.7485,79.72,78,99,9.48
548,Swellendam,ZA,2021-11-21 22:14:00,-34.0226,20.4417,65.32,88,76,11.12
549,Kaeo,NZ,2021-11-21 22:14:01,-35.1,173.7833,73.33,77,100,6.62
550,Hovd,MN,2021-11-21 22:14:01,48.0056,91.6419,10.69,36,13,1.32
551,Bengkulu,ID,2021-11-21 22:14:01,-3.8004,102.2655,76.28,89,100,4.43
552,Saint-Denis,FR,2021-11-21 22:14:01,48.9167,2.3333,44.08,91,0,4.0
553,Lyngseidet,NO,2021-11-21 22:14:02,69.5763,20.2189,24.89,92,100,5.41
554,Turukhansk,RU,2021-11-21 22:14:02,65.8167,87.9833,-4.34,86,100,18.28
555,Mutis,CO,2021-11-21 22:14:02,6.2262,-77.4044,78.84,86,56,6.62
556,Ha Giang,VN,2021-11-21 22:15:02,22.8333,104.9833,62.98,96,100,4.54
557,Ternate,ID,2021-11-21 22:15:03,0.8,127.4,81.12,80,79,3.6
558,Beni,CD,2021-11-21 22:15:03,0.5,29.4667,61.92,95,100,3.58
559,Coahuayana,MX,2021-11-21 22:15:03,18.7333,-103.6833,94.48,54,1,5.77
560,Conde,BR,2021-11-21 22:15:03,-7.2597,-34.9075,80.06,78,20,8.05
561,Yershichi,RU,2021-11-21 22:15:04,53.6725,32.7542,37.67,91,97,10.74
562,Fuerte Olimpo,PY,2021-11-21 22:15:04,-21.0415,-57.8738,88.29,44,66,1.52
563,Meridian,US,2021-11-21 22:15:04,43.6121,-116.3915,49.78,62,1,1.01
564,Xingtai,CN,2021-11-21 22:15:05,37.0631,114.4942,32.05,24,0,5.01
565,Banjar,ID,2021-11-21 22:15:05,-8.19,114.9675,78.66,91,70,3.31
566,Calabozo,VE,2021-11-21 22:15:05,8.9242,-67.4293,82.54,64,97,1.43
567,Rio Grande,BR,2021-11-21 22:15:05,-32.035,-52.0986,73.22,67,0,8.01
568,Zhangjiakou,CN,2021-11-21 22:15:06,40.81,114.8794,15.76,50,4,17.25
569,Nisia Floresta,BR,2021-11-21 22:15:06,-6.0911,-35.2086,81.41,77,39,11.16
570,Rapid City,US,2021-11-21 22:14:55,44.0805,-103.231,46.54,51,1,3.0
571,Vao,NC,2021-11-21 22:15:06,-22.6667,167.4833,73.85,78,18,8.19
572,Muriwai Beach,NZ,2021-11-21 22:13:25,-36.8167,174.45,72.39,74,100,5.01
573,Araouane,ML,2021-11-21 22:15:06,18.9048,-3.5265,78.13,26,1,10.94
574,Okahandja,NA,2021-11-21 22:15:07,-21.9833,16.9167,65.84,31,0,6.46
575,Quatre Cocos,MU,2021-11-21 22:15:07,-20.2078,57.7625,72.09,74,34,9.98
576,Finschhafen,PG,2021-11-21 22:15:07,-6.6024,147.8681,82.76,72,22,2.64
